{
    "birth_time": 1765542526.7436004,
    "hunger": 100,
    "last_fed_time": 1765583422.5692306,
    "digest_finish_time": 0,
    "is_uncomfortable": false
}