{
    "birth_time": 1765542526.7436004,
    "hunger": 97,
    "last_fed_time": 1765591150.6110582,
    "digest_finish_time": 1765591565.6110582,
    "is_uncomfortable": false
}